{"fiducial_diameter_fullres": 420.31595000000004, "spot_diameter_fullres": 260.1956, "tissue_hires_scalef": 0.060177524, "tissue_lowres_scalef": 0.018053258}