{"fiducial_diameter_fullres": 210.10363999999998, "spot_diameter_fullres": 130.06415999999996, "tissue_hires_scalef": 0.12309965, "tissue_lowres_scalef": 0.036929894}